<?xml version="1.0" encoding="UTF-8" standalone="no"?>
<Configuration>
  <Components>
    <UniqueComponent bsp="true" dnOrder="0" id="BSP_SAM_D21_Curiosity_Nano"/>
    <UniqueComponent dnOrder="1" id="cmsis"/>
    <UniqueComponent dnOrder="2" id="core">
      <Symbols dnOrder="0">
        <KeyValueSet dnOrder="0" id="COMPILER_CHOICE">
          <Values dnOrder="0">
            <Dynamic dnOrder="0" id="core" value="0"/>
          </Values>
        </KeyValueSet>
        <Boolean dnOrder="1" id="CONFIG_CLOCK_DFLL_ENABLE">
          <Values dnOrder="0">
            <Dynamic dnOrder="0" id="core" value="true"/>
          </Values>
        </Boolean>
        <Boolean dnOrder="2" id="CONFIG_CLOCK_OSC8M_ENABLE">
          <Values dnOrder="0">
            <Dynamic dnOrder="0" id="core" value="false"/>
          </Values>
        </Boolean>
        <Integer dnOrder="3" id="CPU_CLOCK_FREQUENCY">
          <Values dnOrder="0">
            <Dynamic dnOrder="0" id="core" value="48000000"/>
          </Values>
        </Integer>
        <KeyValueSet dnOrder="4" id="DEVICE_BOD33_ACTION">
          <Values dnOrder="0">
            <Dynamic dnOrder="0" id="core" value="1"/>
          </Values>
        </KeyValueSet>
        <KeyValueSet dnOrder="5" id="DEVICE_BOD33_EN">
          <Values dnOrder="0">
            <Dynamic dnOrder="0" id="core" value="1"/>
          </Values>
        </KeyValueSet>
        <KeyValueSet dnOrder="6" id="DEVICE_BOD33_HYST">
          <Values dnOrder="0">
            <Dynamic dnOrder="0" id="core" value="0"/>
          </Values>
        </KeyValueSet>
        <KeyValueSet dnOrder="7" id="DEVICE_SECURITY">
          <Values dnOrder="0">
            <Dynamic dnOrder="0" id="core" value="0"/>
          </Values>
        </KeyValueSet>
        <KeyValueSet dnOrder="8" id="DEVICE_WDT_ALWAYSON">
          <Values dnOrder="0">
            <Dynamic dnOrder="0" id="core" value="0"/>
          </Values>
        </KeyValueSet>
        <KeyValueSet dnOrder="9" id="DEVICE_WDT_ENABLE">
          <Values dnOrder="0">
            <Dynamic dnOrder="0" id="core" value="0"/>
          </Values>
        </KeyValueSet>
        <KeyValueSet dnOrder="10" id="DEVICE_WDT_WEN">
          <Values dnOrder="0">
            <Dynamic dnOrder="0" id="core" value="0"/>
          </Values>
        </KeyValueSet>
        <KeyValueSet dnOrder="11" id="DEVICE_WDT_WINDOW_0">
          <Values dnOrder="0">
            <Dynamic dnOrder="0" id="core" value="1"/>
          </Values>
        </KeyValueSet>
        <Hex dnOrder="12" id="DEVICE_WDT_WINDOW_1">
          <Values dnOrder="0">
            <Dynamic dnOrder="0" id="core" value="4"/>
          </Values>
        </Hex>
        <Integer dnOrder="13" id="DFLL_CLOCK_FREQ">
          <Values dnOrder="0">
            <Dynamic dnOrder="0" id="core" value="48000000"/>
          </Values>
        </Integer>
        <Integer dnOrder="14" id="DPLL_CLOCK_FREQ">
          <Values dnOrder="0">
            <Dynamic dnOrder="0" id="core" value="0"/>
          </Values>
        </Integer>
        <Integer dnOrder="15" id="GCLK_0_FREQ">
          <Values dnOrder="0">
            <Dynamic dnOrder="0" id="core" value="48000000"/>
          </Values>
        </Integer>
        <KeyValueSet dnOrder="16" id="GCLK_0_SRC">
          <Values dnOrder="0">
            <Dynamic dnOrder="0" id="core" value="7"/>
          </Values>
        </KeyValueSet>
        <Integer dnOrder="17" id="GCLK_1_FREQ">
          <Values dnOrder="0">
            <Dynamic dnOrder="0" id="core" value="0"/>
          </Values>
        </Integer>
        <Integer dnOrder="18" id="GCLK_2_FREQ">
          <Values dnOrder="0">
            <Dynamic dnOrder="0" id="core" value="0"/>
          </Values>
        </Integer>
        <Integer dnOrder="19" id="GCLK_3_FREQ">
          <Values dnOrder="0">
            <Dynamic dnOrder="0" id="core" value="0"/>
          </Values>
        </Integer>
        <Integer dnOrder="20" id="GCLK_4_FREQ">
          <Values dnOrder="0">
            <Dynamic dnOrder="0" id="core" value="0"/>
          </Values>
        </Integer>
        <Integer dnOrder="21" id="GCLK_5_FREQ">
          <Values dnOrder="0">
            <Dynamic dnOrder="0" id="core" value="0"/>
          </Values>
        </Integer>
        <Integer dnOrder="22" id="GCLK_6_FREQ">
          <Values dnOrder="0">
            <Dynamic dnOrder="0" id="core" value="0"/>
          </Values>
        </Integer>
        <Integer dnOrder="23" id="GCLK_7_FREQ">
          <Values dnOrder="0">
            <Dynamic dnOrder="0" id="core" value="0"/>
          </Values>
        </Integer>
        <Integer dnOrder="24" id="GCLK_8_FREQ">
          <Values dnOrder="0">
            <Dynamic dnOrder="0" id="core" value="0"/>
          </Values>
        </Integer>
        <Boolean dnOrder="25" id="GCLK_CYCLE_FORMED">
          <Values dnOrder="0">
            <Dynamic dnOrder="0" id="core" value="false"/>
          </Values>
        </Boolean>
        <Integer dnOrder="26" id="GCLK_IO_0_FREQ">
          <Values dnOrder="0">
            <Dynamic dnOrder="0" id="core" value="0"/>
          </Values>
        </Integer>
        <Integer dnOrder="27" id="GCLK_IO_1_FREQ">
          <Values dnOrder="0">
            <Dynamic dnOrder="0" id="core" value="0"/>
          </Values>
        </Integer>
        <Integer dnOrder="28" id="GCLK_IO_2_FREQ">
          <Values dnOrder="0">
            <Dynamic dnOrder="0" id="core" value="0"/>
          </Values>
        </Integer>
        <Integer dnOrder="29" id="GCLK_IO_3_FREQ">
          <Values dnOrder="0">
            <Dynamic dnOrder="0" id="core" value="0"/>
          </Values>
        </Integer>
        <Integer dnOrder="30" id="GCLK_IO_4_FREQ">
          <Values dnOrder="0">
            <Dynamic dnOrder="0" id="core" value="0"/>
          </Values>
        </Integer>
        <Integer dnOrder="31" id="GCLK_IO_5_FREQ">
          <Values dnOrder="0">
            <Dynamic dnOrder="0" id="core" value="0"/>
          </Values>
        </Integer>
        <Integer dnOrder="32" id="GCLK_IO_6_FREQ">
          <Values dnOrder="0">
            <Dynamic dnOrder="0" id="core" value="0"/>
          </Values>
        </Integer>
        <Integer dnOrder="33" id="GCLK_IO_7_FREQ">
          <Values dnOrder="0">
            <Dynamic dnOrder="0" id="core" value="0"/>
          </Values>
        </Integer>
        <String dnOrder="34" id="KEIL_STACK_HEAP_SIZE">
          <Values dnOrder="0">
            <Dynamic dnOrder="0" id="core" value="0x1200"/>
          </Values>
        </String>
        <Boolean dnOrder="35" id="NVIC_-1_0_ENABLE">
          <Values dnOrder="0">
            <Dynamic dnOrder="0" id="core" value="true"/>
          </Values>
        </Boolean>
        <String dnOrder="36" id="NVIC_-1_0_HANDLER">
          <Values dnOrder="0">
            <Dynamic dnOrder="0" id="core" value="xPortSysTickHandler"/>
          </Values>
        </String>
        <Boolean dnOrder="37" id="NVIC_-1_0_HANDLER_LOCK">
          <Values dnOrder="0">
            <Dynamic dnOrder="0" id="core" value="true"/>
          </Values>
        </Boolean>
        <Combo dnOrder="38" id="NVIC_-1_0_PRIORITY">
          <Values dnOrder="0">
            <Dynamic dnOrder="0" id="FreeRTOS" value="0"/>
          </Values>
        </Combo>
        <Boolean dnOrder="39" id="NVIC_-1_0_PRIORITY_LOCK">
          <Values dnOrder="0">
            <Dynamic dnOrder="0" id="FreeRTOS" value="true"/>
          </Values>
        </Boolean>
        <Boolean dnOrder="40" id="NVIC_-2_0_ENABLE">
          <Values dnOrder="0">
            <Dynamic dnOrder="0" id="core" value="true"/>
          </Values>
        </Boolean>
        <String dnOrder="41" id="NVIC_-2_0_HANDLER">
          <Values dnOrder="0">
            <Dynamic dnOrder="0" id="core" value="xPortPendSVHandler"/>
          </Values>
        </String>
        <Boolean dnOrder="42" id="NVIC_-2_0_HANDLER_LOCK">
          <Values dnOrder="0">
            <Dynamic dnOrder="0" id="core" value="true"/>
          </Values>
        </Boolean>
        <Boolean dnOrder="43" id="NVIC_-5_0_ENABLE">
          <Values dnOrder="0">
            <Dynamic dnOrder="0" id="core" value="true"/>
          </Values>
        </Boolean>
        <String dnOrder="44" id="NVIC_-5_0_HANDLER">
          <Values dnOrder="0">
            <Dynamic dnOrder="0" id="core" value="vPortSVCHandler"/>
          </Values>
        </String>
        <Boolean dnOrder="45" id="NVIC_-5_0_HANDLER_LOCK">
          <Values dnOrder="0">
            <Dynamic dnOrder="0" id="core" value="true"/>
          </Values>
        </Boolean>
        <Boolean dnOrder="46" id="NVIC_-5_0_PRIORITY_LOCK">
          <Values dnOrder="0">
            <Dynamic dnOrder="0" id="FreeRTOS" value="true"/>
          </Values>
        </Boolean>
        <Integer dnOrder="47" id="OSC8M_CLOCK_FREQ">
          <Values dnOrder="0">
            <Dynamic dnOrder="0" id="core" value="0"/>
          </Values>
        </Integer>
        <Boolean dnOrder="48" id="PORT_GROUP_0">
          <Values dnOrder="0">
            <Dynamic dnOrder="0" id="core" value="true"/>
          </Values>
        </Boolean>
        <Boolean dnOrder="49" id="PORT_GROUP_1">
          <Values dnOrder="0">
            <Dynamic dnOrder="0" id="core" value="true"/>
          </Values>
        </Boolean>
        <String dnOrder="50" id="PORT_GROUP_1_DIR">
          <Values dnOrder="0">
            <Dynamic dnOrder="0" id="core" value="0x400"/>
          </Values>
        </String>
        <String dnOrder="51" id="PORT_GROUP_1_OUT">
          <Values dnOrder="0">
            <Dynamic dnOrder="0" id="core" value="0xc00"/>
          </Values>
        </String>
        <String dnOrder="52" id="PORT_GROUP_1_PINCFG11">
          <Values dnOrder="0">
            <Dynamic dnOrder="0" id="core" value="0x6"/>
          </Values>
        </String>
        <String dnOrder="53" id="PORT_REG_NAME">
          <Values dnOrder="0">
            <Dynamic dnOrder="0" id="core" value="PORT"/>
          </Values>
        </String>
        <Boolean dnOrder="54" id="PendSV_INTERRUPT_ENABLE">
          <Values dnOrder="0">
            <Dynamic dnOrder="0" id="FreeRTOS" value="true"/>
          </Values>
        </Boolean>
        <Boolean dnOrder="55" id="PendSV_INTERRUPT_ENABLE_UPDATE">
          <Values dnOrder="0">
            <Dynamic dnOrder="0" id="core" value="false"/>
          </Values>
        </Boolean>
        <String dnOrder="56" id="PendSV_INTERRUPT_HANDLER">
          <Values dnOrder="0">
            <Dynamic dnOrder="0" id="FreeRTOS" value="xPortPendSVHandler"/>
          </Values>
        </String>
        <Boolean dnOrder="57" id="PendSV_INTERRUPT_HANDLER_LOCK">
          <Values dnOrder="0">
            <Dynamic dnOrder="0" id="FreeRTOS" value="true"/>
          </Values>
        </Boolean>
        <Boolean dnOrder="58" id="SVCall_INTERRUPT_ENABLE">
          <Values dnOrder="0">
            <Dynamic dnOrder="0" id="FreeRTOS" value="true"/>
          </Values>
        </Boolean>
        <Boolean dnOrder="59" id="SVCall_INTERRUPT_ENABLE_UPDATE">
          <Values dnOrder="0">
            <Dynamic dnOrder="0" id="core" value="false"/>
          </Values>
        </Boolean>
        <String dnOrder="60" id="SVCall_INTERRUPT_HANDLER">
          <Values dnOrder="0">
            <Dynamic dnOrder="0" id="FreeRTOS" value="vPortSVCHandler"/>
          </Values>
        </String>
        <Boolean dnOrder="61" id="SVCall_INTERRUPT_HANDLER_LOCK">
          <Values dnOrder="0">
            <Dynamic dnOrder="0" id="FreeRTOS" value="true"/>
          </Values>
        </Boolean>
        <Comment dnOrder="62" id="SYSTICK_COMMENT">
          <Attributes dnOrder="0">
            <Boolean dnOrder="0" id="visible">
              <Value dnOrder="0">true</Value>
            </Boolean>
          </Attributes>
        </Comment>
        <Boolean dnOrder="63" id="SysTick_INTERRUPT_ENABLE">
          <Values dnOrder="0">
            <Dynamic dnOrder="0" id="FreeRTOS" value="true"/>
          </Values>
        </Boolean>
        <Boolean dnOrder="64" id="SysTick_INTERRUPT_ENABLE_UPDATE">
          <Values dnOrder="0">
            <Dynamic dnOrder="0" id="core" value="false"/>
          </Values>
        </Boolean>
        <String dnOrder="65" id="SysTick_INTERRUPT_HANDLER">
          <Values dnOrder="0">
            <Dynamic dnOrder="0" id="FreeRTOS" value="xPortSysTickHandler"/>
          </Values>
        </String>
        <Boolean dnOrder="66" id="SysTick_INTERRUPT_HANDLER_LOCK">
          <Values dnOrder="0">
            <Dynamic dnOrder="0" id="FreeRTOS" value="true"/>
          </Values>
        </Boolean>
        <Boolean dnOrder="67" id="systickEnable">
          <Attributes dnOrder="0">
            <Boolean dnOrder="0" id="visible">
              <Value dnOrder="0">false</Value>
            </Boolean>
          </Attributes>
        </Boolean>
      </Symbols>
    </UniqueComponent>
    <UniqueComponent dnOrder="3" id="dfp"/>
    <UniqueComponent dnOrder="4" id="evsys">
      <Symbols dnOrder="0">
        <Boolean dnOrder="0" id="EVSYS_CHANNEL_0_USER_READY">
          <Values dnOrder="0">
            <Dynamic dnOrder="0" id="evsys" value="false"/>
          </Values>
        </Boolean>
        <Boolean dnOrder="1" id="EVSYS_CHANNEL_10_USER_READY">
          <Values dnOrder="0">
            <Dynamic dnOrder="0" id="evsys" value="false"/>
          </Values>
        </Boolean>
        <Boolean dnOrder="2" id="EVSYS_CHANNEL_11_USER_READY">
          <Values dnOrder="0">
            <Dynamic dnOrder="0" id="evsys" value="false"/>
          </Values>
        </Boolean>
        <Boolean dnOrder="3" id="EVSYS_CHANNEL_1_USER_READY">
          <Values dnOrder="0">
            <Dynamic dnOrder="0" id="evsys" value="false"/>
          </Values>
        </Boolean>
        <Boolean dnOrder="4" id="EVSYS_CHANNEL_2_USER_READY">
          <Values dnOrder="0">
            <Dynamic dnOrder="0" id="evsys" value="false"/>
          </Values>
        </Boolean>
        <Boolean dnOrder="5" id="EVSYS_CHANNEL_3_USER_READY">
          <Values dnOrder="0">
            <Dynamic dnOrder="0" id="evsys" value="false"/>
          </Values>
        </Boolean>
        <Boolean dnOrder="6" id="EVSYS_CHANNEL_4_USER_READY">
          <Values dnOrder="0">
            <Dynamic dnOrder="0" id="evsys" value="false"/>
          </Values>
        </Boolean>
        <Boolean dnOrder="7" id="EVSYS_CHANNEL_5_USER_READY">
          <Values dnOrder="0">
            <Dynamic dnOrder="0" id="evsys" value="false"/>
          </Values>
        </Boolean>
        <Boolean dnOrder="8" id="EVSYS_CHANNEL_6_USER_READY">
          <Values dnOrder="0">
            <Dynamic dnOrder="0" id="evsys" value="false"/>
          </Values>
        </Boolean>
        <Boolean dnOrder="9" id="EVSYS_CHANNEL_7_USER_READY">
          <Values dnOrder="0">
            <Dynamic dnOrder="0" id="evsys" value="false"/>
          </Values>
        </Boolean>
        <Boolean dnOrder="10" id="EVSYS_CHANNEL_8_USER_READY">
          <Values dnOrder="0">
            <Dynamic dnOrder="0" id="evsys" value="false"/>
          </Values>
        </Boolean>
        <Boolean dnOrder="11" id="EVSYS_CHANNEL_9_USER_READY">
          <Values dnOrder="0">
            <Dynamic dnOrder="0" id="evsys" value="false"/>
          </Values>
        </Boolean>
      </Symbols>
    </UniqueComponent>
    <UniqueComponent dnOrder="5" id="FreeRTOS"/>
    <UniqueComponent dnOrder="6" id="HarmonyCore">
      <Symbols dnOrder="0">
        <File dnOrder="0" id="APP0_C">
          <Attributes dnOrder="0">
            <Boolean dnOrder="0" id="enabled">
              <Value dnOrder="0">true</Value>
            </Boolean>
          </Attributes>
        </File>
        <File dnOrder="1" id="APP0_H">
          <Attributes dnOrder="0">
            <Boolean dnOrder="0" id="enabled">
              <Value dnOrder="0">true</Value>
            </Boolean>
          </Attributes>
        </File>
        <File dnOrder="2" id="APP1_C">
          <Attributes dnOrder="0">
            <Boolean dnOrder="0" id="enabled">
              <Value dnOrder="0">true</Value>
            </Boolean>
          </Attributes>
        </File>
        <File dnOrder="3" id="APP1_H">
          <Attributes dnOrder="0">
            <Boolean dnOrder="0" id="enabled">
              <Value dnOrder="0">true</Value>
            </Boolean>
          </Attributes>
        </File>
        <File dnOrder="4" id="APP2_C">
          <Attributes dnOrder="0">
            <Boolean dnOrder="0" id="enabled">
              <Value dnOrder="0">true</Value>
            </Boolean>
          </Attributes>
        </File>
        <File dnOrder="5" id="APP2_H">
          <Attributes dnOrder="0">
            <Boolean dnOrder="0" id="enabled">
              <Value dnOrder="0">true</Value>
            </Boolean>
          </Attributes>
        </File>
        <File dnOrder="6" id="CONFIGURATION_H">
          <Attributes dnOrder="0">
            <Boolean dnOrder="0" id="enabled">
              <Value dnOrder="0">true</Value>
            </Boolean>
          </Attributes>
        </File>
        <File dnOrder="7" id="DMA_DEF">
          <Attributes dnOrder="0">
            <Boolean dnOrder="0" id="enabled">
              <Value dnOrder="0">false</Value>
            </Boolean>
          </Attributes>
        </File>
        <File dnOrder="8" id="DMA_HEADER">
          <Attributes dnOrder="0">
            <Boolean dnOrder="0" id="enabled">
              <Value dnOrder="0">false</Value>
            </Boolean>
          </Attributes>
        </File>
        <File dnOrder="9" id="DMA_MAPPING">
          <Attributes dnOrder="0">
            <Boolean dnOrder="0" id="enabled">
              <Value dnOrder="0">false</Value>
            </Boolean>
          </Attributes>
        </File>
        <File dnOrder="10" id="DMA_SOURCE">
          <Attributes dnOrder="0">
            <Boolean dnOrder="0" id="enabled">
              <Value dnOrder="0">false</Value>
            </Boolean>
          </Attributes>
        </File>
        <Boolean dnOrder="11" id="ENABLE_APP_FILE">
          <Values dnOrder="0">
            <Dynamic dnOrder="0" id="HarmonyCore" value="true"/>
            <User dnOrder="1" value="true"/>
          </Values>
        </Boolean>
        <Boolean dnOrder="12" id="ENABLE_OSAL">
          <Values dnOrder="0">
            <Dynamic dnOrder="0" id="HarmonyCore" value="true"/>
            <User dnOrder="1" value="true"/>
          </Values>
        </Boolean>
        <Boolean dnOrder="13" id="ENABLE_SYS_CACHE">
          <Values dnOrder="0">
            <Dynamic dnOrder="0" id="HarmonyCore" value="false"/>
          </Values>
        </Boolean>
        <Boolean dnOrder="14" id="ENABLE_SYS_COMMON">
          <Values dnOrder="0">
            <Dynamic dnOrder="0" id="HarmonyCore" value="true"/>
          </Values>
        </Boolean>
        <Boolean dnOrder="15" id="ENABLE_SYS_DMA">
          <Values dnOrder="0">
            <User dnOrder="0" value="false"/>
          </Values>
        </Boolean>
        <Boolean dnOrder="16" id="ENABLE_SYS_INT">
          <Values dnOrder="0">
            <Dynamic dnOrder="0" id="HarmonyCore" value="true"/>
            <User dnOrder="1" value="false"/>
          </Values>
        </Boolean>
        <Menu dnOrder="17" id="GEN_APP_RTOS_TASK_CONF_MENU0">
          <Attributes dnOrder="0">
            <Boolean dnOrder="0" id="visible">
              <Value dnOrder="0">true</Value>
            </Boolean>
          </Attributes>
        </Menu>
        <Menu dnOrder="18" id="GEN_APP_RTOS_TASK_CONF_MENU1">
          <Attributes dnOrder="0">
            <Boolean dnOrder="0" id="visible">
              <Value dnOrder="0">true</Value>
            </Boolean>
          </Attributes>
        </Menu>
        <Menu dnOrder="19" id="GEN_APP_RTOS_TASK_CONF_MENU2">
          <Attributes dnOrder="0">
            <Boolean dnOrder="0" id="visible">
              <Value dnOrder="0">true</Value>
            </Boolean>
          </Attributes>
        </Menu>
        <Menu dnOrder="20" id="GEN_APP_TASK_CONF_MENU0">
          <Attributes dnOrder="0">
            <Boolean dnOrder="0" id="visible">
              <Value dnOrder="0">true</Value>
            </Boolean>
          </Attributes>
        </Menu>
        <Menu dnOrder="21" id="GEN_APP_TASK_CONF_MENU1">
          <Attributes dnOrder="0">
            <Boolean dnOrder="0" id="visible">
              <Value dnOrder="0">true</Value>
            </Boolean>
          </Attributes>
        </Menu>
        <Menu dnOrder="22" id="GEN_APP_TASK_CONF_MENU2">
          <Attributes dnOrder="0">
            <Boolean dnOrder="0" id="visible">
              <Value dnOrder="0">true</Value>
            </Boolean>
          </Attributes>
        </Menu>
        <Integer dnOrder="23" id="GEN_APP_TASK_COUNT">
          <Values dnOrder="0">
            <User dnOrder="0" value="3"/>
          </Values>
        </Integer>
        <Menu dnOrder="24" id="GEN_APP_TASK_MENU">
          <Attributes dnOrder="0">
            <Boolean dnOrder="0" id="visible">
              <Value dnOrder="0">true</Value>
            </Boolean>
          </Attributes>
        </Menu>
        <File dnOrder="25" id="GEN_RTOS_APP_TASKS">
          <Attributes dnOrder="0">
            <Boolean dnOrder="0" id="enabled">
              <Value dnOrder="0">true</Value>
            </Boolean>
          </Attributes>
        </File>
        <File dnOrder="26" id="GEN_RTOS_APP_TASKS_DEF">
          <Attributes dnOrder="0">
            <Boolean dnOrder="0" id="enabled">
              <Value dnOrder="0">true</Value>
            </Boolean>
          </Attributes>
        </File>
        <File dnOrder="27" id="INT_DEF">
          <Attributes dnOrder="0">
            <Boolean dnOrder="0" id="enabled">
              <Value dnOrder="0">false</Value>
            </Boolean>
          </Attributes>
        </File>
        <File dnOrder="28" id="INT_HEADER">
          <Attributes dnOrder="0">
            <Boolean dnOrder="0" id="enabled">
              <Value dnOrder="0">false</Value>
            </Boolean>
          </Attributes>
        </File>
        <File dnOrder="29" id="INT_MAPPING">
          <Attributes dnOrder="0">
            <Boolean dnOrder="0" id="enabled">
              <Value dnOrder="0">false</Value>
            </Boolean>
          </Attributes>
        </File>
        <File dnOrder="30" id="INT_SOURCE">
          <Attributes dnOrder="0">
            <Boolean dnOrder="0" id="enabled">
              <Value dnOrder="0">false</Value>
            </Boolean>
          </Attributes>
        </File>
        <File dnOrder="31" id="OSAL_DEFINITIONS_H">
          <Attributes dnOrder="0">
            <Boolean dnOrder="0" id="enabled">
              <Value dnOrder="0">true</Value>
            </Boolean>
          </Attributes>
        </File>
        <File dnOrder="32" id="OSAL_FREERTOS_C">
          <Attributes dnOrder="0">
            <Boolean dnOrder="0" id="enabled">
              <Value dnOrder="0">true</Value>
            </Boolean>
          </Attributes>
        </File>
        <File dnOrder="33" id="OSAL_FREERTOS_H">
          <Attributes dnOrder="0">
            <Boolean dnOrder="0" id="enabled">
              <Value dnOrder="0">true</Value>
            </Boolean>
          </Attributes>
        </File>
        <File dnOrder="34" id="OSAL_H">
          <Attributes dnOrder="0">
            <Boolean dnOrder="0" id="enabled">
              <Value dnOrder="0">true</Value>
            </Boolean>
          </Attributes>
        </File>
        <File dnOrder="35" id="OSAL_SYSDEF_H">
          <Attributes dnOrder="0">
            <Boolean dnOrder="0" id="enabled">
              <Value dnOrder="0">true</Value>
            </Boolean>
          </Attributes>
        </File>
        <Combo dnOrder="36" id="SELECT_RTOS">
          <Values dnOrder="0">
            <Dynamic dnOrder="0" id="HarmonyCore" value="FreeRTOS"/>
          </Values>
        </Combo>
        <File dnOrder="37" id="SYSTEM_COMMON">
          <Attributes dnOrder="0">
            <Boolean dnOrder="0" id="enabled">
              <Value dnOrder="0">true</Value>
            </Boolean>
          </Attributes>
        </File>
        <File dnOrder="38" id="SYSTEM_MODULE">
          <Attributes dnOrder="0">
            <Boolean dnOrder="0" id="enabled">
              <Value dnOrder="0">true</Value>
            </Boolean>
          </Attributes>
        </File>
        <File dnOrder="39" id="SYSTEM_ROOT">
          <Attributes dnOrder="0">
            <Boolean dnOrder="0" id="enabled">
              <Value dnOrder="0">true</Value>
            </Boolean>
          </Attributes>
        </File>
        <File dnOrder="40" id="SYS_DEBUG_DEF_HEADER">
          <Attributes dnOrder="0">
            <Boolean dnOrder="0" id="enabled">
              <Value dnOrder="0">true</Value>
            </Boolean>
          </Attributes>
        </File>
        <File dnOrder="41" id="SYS_DEBUG_HEADER">
          <Attributes dnOrder="0">
            <Boolean dnOrder="0" id="enabled">
              <Value dnOrder="0">true</Value>
            </Boolean>
          </Attributes>
        </File>
        <File dnOrder="42" id="TASKS_C">
          <Attributes dnOrder="0">
            <Boolean dnOrder="0" id="enabled">
              <Value dnOrder="0">true</Value>
            </Boolean>
          </Attributes>
        </File>
        <File dnOrder="43" id="USER_H">
          <Attributes dnOrder="0">
            <Boolean dnOrder="0" id="enabled">
              <Value dnOrder="0">true</Value>
            </Boolean>
          </Attributes>
        </File>
      </Symbols>
    </UniqueComponent>
    <UniqueComponent dnOrder="7" id="nvmctrl">
      <Symbols dnOrder="0">
        <Integer dnOrder="0" id="NVM_RWS">
          <Values dnOrder="0">
            <Dynamic dnOrder="0" id="nvmctrl" value="1"/>
          </Values>
        </Integer>
      </Symbols>
    </UniqueComponent>
  </Components>
  <UserData>
    <GraphSettings canvasHeight="400" canvasWidth="400" dnOrder="0"/>
    <ComponentGraph dnOrder="1" id="__ROOTVIEW">
      <ElementPositions dnOrder="0">
        <ElementPosition dnOrder="0" id="BSP_SAM_D21_Curiosity_Nano" x="219" y="238"/>
        <ElementPosition dnOrder="1" id="FreeRTOS" x="800" y="20"/>
        <ElementPosition dnOrder="2" id="HarmonyCore" x="961" y="20"/>
        <ElementPosition dnOrder="3" id="cmsis" x="660" y="20"/>
        <ElementPosition dnOrder="4" id="core" x="560" y="20"/>
        <ElementPosition dnOrder="5" id="dfp" x="340" y="20"/>
        <ElementPosition dnOrder="6" id="evsys" x="180" y="20"/>
        <ElementPosition dnOrder="7" id="nvmctrl" x="20" y="20"/>
      </ElementPositions>
    </ComponentGraph>
  </UserData>
</Configuration>
